,1_model1_sl__run_1,1_model1_sl__run_2,1_model1_sl__run_3,1_model1_sl__run_4,2_model1_sl__run_1,2_model1_sl__run_2,2_model1_sl__run_3,2_model1_sl__run_4,3_model1_sl__run_1,3_model1_sl__run_2,3_model1_sl__run_3,3_model1_sl__run_4
#epoch,2.0,2.0,2.0,3.0,1.0,1.0,1.0,1.0,1.0,1.0,1.0,1.0
#training loss final,0.013241297639932443,0.013273675349171017,0.012882009753380575,0.012765623399664514,0.039709700321770056,0.03989281522835792,0.03978827045701493,0.039727434568051626,0.03970624754836563,0.0397145574030724,16.546343434687376,1.1532634327818791
#validation loss final,0.014400653305500104,0.016195949986188188,0.013731611728936903,0.01673668809365836,0.03870753228266184,0.03870753228266184,0.03870753228266184,0.03870753228266184,0.03870753228266184,0.03870753228266184,0.03870753228266184,0.03870753228266184
