,1_MSE,1_RMSE,1_NRMSE,1_MAE,1_MAPE
0,0.11313715315210289,0.33635866742526926,0.24869402397432108,0.2056508303318405,0.4818349012948655
