,1_MSE,1_RMSE,1_NRMSE,1_MAE,1_MAPE
0,0.1661903984375,0.4076645660803745,0.20116682264020455,0.2953322916666668,0.7757092057562887
